{
    "amplitudes": [
        {
            "re": 0.7071067811865476,
            "im": 0,
            "basisVector": 0
        },
        {
            "re": -0.7071067811865476,
            "im": 0,
            "basisVector": 1
        }
    ],
    "gates": [],
    "numQubits": 1
}